,pop_est,continent,name,iso_a3,gdp_md_est,geometry
2,3639453.0,Europe,Albania,ALB,21810.0,"POLYGON ((20.59024743010491 41.85540416113361, 20.4631750830992 41.51508901627534, 20.60518191903736 41.08622630468523, 21.0200403174764 40.84272695572588, 20.99998986174722 40.58000397395398, 20.67499677906363 40.43499990494303, 20.61500044117275 40.11000682225938, 20.15001590341052 39.62499766698397, 19.98000044117015 39.69499339452341, 19.96000166187321 39.91500580500605, 19.40608198413673 40.25077342382247, 19.31905887215714 40.72723012955356, 19.40354983895429 41.40956574153546, 19.54002729663711 41.71998607031276, 19.37176883309496 41.87754751237065, 19.30448611825079 42.19574514420782, 19.73805138517963 42.68824738216557, 19.80161339689869 42.50009349219084, 20.07070000000004 42.58863000000008, 20.28375451018189 42.32025950781508, 20.52295000000004 42.21787000000006, 20.59024743010491 41.85540416113361))"
9,8210281.0,Europe,Austria,AUT,329500.0,"POLYGON ((16.97966678230404 48.12349701597631, 16.90375410326726 47.71486562762833, 16.34058434415041 47.71290192320123, 16.53426761238038 47.49617096616912, 16.20229821133736 46.85238597267696, 16.01166385261266 46.6836107448117, 15.13709191250499 46.65870270444703, 14.63247155117483 46.43181732846955, 13.80647545742153 46.50930613869122, 12.37648522304082 46.76755910906985, 12.15308800624305 47.11539317482645, 11.16482791509327 46.94157949481273, 11.04855594243654 46.75135854754634, 10.44270145024663 46.89354625099743, 9.932448357796659 46.92072805438296, 9.479969516649021 47.10280996356337, 9.632931756232978 47.34760122332999, 9.59422610844635 47.52505809182027, 9.89606814946319 47.5801968450757, 10.40208377446521 47.30248769793916, 10.54450402186163 47.56639923765377, 11.42641401535474 47.52376618101297, 12.14135745611279 47.70308340106578, 12.62075971848449 47.67238760028441, 12.93262698736595 47.467645575544, 13.02585127122049 47.63758352313583, 12.8841028174439 48.28914581968792, 13.243357374737 48.41611481382905, 13.59594567226444 48.87717194273715, 14.33889773932472 48.55530528420721, 14.90144738125406 48.96440176044582, 15.25341556159398 49.03907420510758, 16.02964725105022 48.73389903420793, 16.49928266771877 48.78580801044511, 16.96028812019458 48.5969823268506, 16.879982944413 48.47001333270947, 16.97966678230404 48.12349701597631))"
12,10414336.0,Europe,Belgium,BEL,389300.0,"POLYGON ((3.314971144228537 51.34578095153609, 4.047071160507528 51.26725861266857, 4.973991326526914 51.47502370869813, 5.606975945670001 51.03729848896978, 6.15665815595878 50.80372101501058, 6.043073357781111 50.12805166279423, 5.782417433300907 50.09032786722122, 5.674051954784829 49.5294835475575, 4.79922163251581 49.98537303323639, 4.286022983425084 49.90749664977255, 3.588184441755686 50.37899241800358, 3.123251580425801 50.78036326761458, 2.658422071960274 50.79684804951575, 2.513573032246143 51.14850617126183, 3.314971144228537 51.34578095153609))"
16,7204687.0,Europe,Bulgaria,BGR,93750.0,"POLYGON ((22.65714969248299 44.23492300066128, 22.94483239105185 43.82378530534713, 23.33230228037633 43.89701080990471, 24.10067915212417 43.74105133724785, 25.56927168142693 43.68844472917472, 26.06515872569975 43.94349376075127, 27.24239952974091 44.1759860296324, 27.97010704927508 43.81246816667522, 28.558081495892 43.70746165625813, 28.03909508638472 43.29317169857418, 27.67389773937805 42.57789236100622, 27.99672041190539 42.00735871028779, 27.13573937349048 42.14148489030134, 26.1170418637208 41.82690460872456, 26.10613813650721 41.32889883072778, 25.19720136892545 41.23448598893053, 24.49264489105803 41.58389618587204, 23.69207360199235 41.30908091894386, 22.95237715016645 41.33799388281115, 22.88137373219743 41.99929718685026, 22.38052575042459 42.32025950781509, 22.54501183440962 42.46136200618804, 22.43659467946128 42.58032115332394, 22.60480146657133 42.89851878516114, 22.98601850758848 43.21116120052697, 22.50015669118028 43.64281443946099, 22.4104464047216 44.00806346289995, 22.65714969248299 44.23492300066128))"
18,4613414.0,Europe,Bosnia and Herz.,BIH,29700.0,"POLYGON ((19.00548628101012 44.86023366960916, 19.36802999999992 44.86300000000006, 19.11761000000007 44.42307000000011, 19.59976000000006 44.03846999999996, 19.45400000000006 43.56810000000013, 19.21851999999996 43.52384000000001, 19.03165000000007 43.43252999999999, 18.70648000000006 43.20011, 18.55999999999995 42.64999999999998, 17.67492150235898 43.02856252702361, 17.29737348803445 43.44634064388737, 16.91615644701733 43.66772247982567, 16.45644290534887 44.04123973243128, 16.23966027188453 44.35114329688571, 15.75002607591898 44.81871165626256, 15.95936730313338 45.23377676043094, 16.31815677253587 45.00412669532591, 16.53493940600021 45.21160757097772, 17.00214603035101 45.23377676043094, 17.8617834815264 45.06774038347714, 18.55321414559165 45.08158966733146, 19.00548628101012 44.86023366960916))"
19,9648533.0,Europe,Belarus,BLR,114100.0,"POLYGON ((23.48412763844985 53.91249766704114, 24.45068362803704 53.90570221619475, 25.53635379405699 54.28242340760253, 25.7684326514798 54.84696259217509, 26.58827924979039 55.16717560487167, 26.49433149588376 55.61510691997763, 27.10245975109453 55.78331370708769, 28.176709425578 56.16912995057881, 29.22951338066031 55.91834422466636, 29.37157189303067 55.67009064393618, 29.89629438652236 55.78946320253041, 30.87390913262001 55.55097646750341, 30.97183597181314 55.08154775656404, 30.75753380709872 54.81177094178432, 31.38447228366374 54.15705638286244, 31.79142418796224 53.97463857687212, 31.73127282077451 53.79402944601202, 32.40559858575116 53.61804535584204, 32.69364301934604 53.35142080343212, 32.30451948418823 53.13272614197291, 31.49764367038293 53.1674268662569, 31.30520063652801 53.07399587667321, 31.54001834486226 52.74205231384636, 31.78599816257159 52.10167796488545, 30.92754926933898 52.04235342061439, 30.61945438001484 51.82280609802238, 30.55511722181146 51.31950348571566, 30.1573637224609 51.41613841410147, 29.25493818534792 51.36823436136689, 28.99283532076353 51.60204437927148, 28.61761274589225 51.42771393493484, 28.24161502453657 51.57222707783907, 27.45406619640843 51.59230337178447, 26.33795861176856 51.83228872334793, 25.32778771332701 51.91065603291855, 24.55310631683952 51.88846100524918, 24.00507775238421 51.61744395609446, 23.52707075368437 51.57845408793024, 23.50800215016869 52.02364655212473, 23.19949384938619 52.48697744405367, 23.79919884613338 52.69109935160657, 23.80493493011778 53.08973135030607, 23.527535841575 53.47012156840655, 23.48412763844985 53.91249766704114))"
28,7604467.0,Europe,Switzerland,CHE,316700.0,"POLYGON ((9.59422610844635 47.52505809182027, 9.632931756232978 47.34760122332999, 9.479969516649021 47.10280996356337, 9.932448357796659 46.92072805438296, 10.44270145024663 46.89354625099743, 10.36337812667861 46.48357127540986, 9.922836541390382 46.31489940040919, 9.182881707403055 46.44021474871698, 8.966305779667806 46.03693187111119, 8.489952426801324 46.00515086525169, 8.316629672894379 46.16364248309086, 7.755992058959833 45.82449005795931, 7.273850945676656 45.77694774025078, 6.843592970414505 45.99114655210061, 6.500099724970426 46.42967275652944, 6.022609490593538 46.27298981382047, 6.037388950229001 46.72577871356187, 6.768713820023606 47.2877082383037, 6.736571079138059 47.54180125588285, 7.192202182655507 47.44976552997102, 7.466759067422231 47.62058197691181, 8.317301466514152 47.61357982033626, 8.522611932009767 47.83082754169129, 9.59422610844635 47.52505809182027))"
40,10211904.0,Europe,Czech Rep.,CZE,265200.0,"POLYGON ((16.96028812019458 48.5969823268506, 16.49928266771877 48.78580801044511, 16.02964725105022 48.73389903420793, 15.25341556159398 49.03907420510758, 14.90144738125406 48.96440176044582, 14.33889773932472 48.55530528420721, 13.59594567226444 48.87717194273715, 13.03132897304343 49.30706818297324, 12.52102420416119 49.54741526956273, 12.41519087082744 49.96912079528057, 12.24011111822256 50.26633779560728, 12.96683678554319 50.48407644306909, 13.33813195156029 50.73323436136435, 14.05622765468817 50.9269176295943, 14.30701338060064 51.11726776794141, 14.57071821458607 51.00233938252428, 15.01699588385867 51.10667409932158, 15.49097212083973 50.78472992614321, 16.23862674323857 50.69773265237984, 16.17625328946227 50.42260732685791, 16.71947594571444 50.21574656839354, 16.86876915860566 50.47397370055603, 17.55456709155112 50.36214590107642, 17.64944502123899 50.04903839781996, 18.39291385262217 49.98862864847075, 18.85314415861362 49.49622976337764, 18.55497114428948 49.49501536721878, 18.39999352384618 49.31500051533004, 18.17049848803796 49.27151479755643, 18.10497277189185 49.04398346617531, 17.91351159025047 48.99649282489909, 17.88648481616181 48.90347524677371, 17.54500695157711 48.80001902932537, 17.1019848975389 48.81696889911711, 16.96028812019458 48.5969823268506))"
41,82329758.0,Europe,Germany,DEU,2918000.0,"POLYGON ((9.921906365609232 54.98310415304803, 9.9395797054529 54.59664195415326, 10.95011233892052 54.36360708273315, 10.93946699386845 54.00869334575259, 11.95625247564328 54.19648550070116, 12.51844038254671 54.470370591848, 13.6474670752595 54.0755109727059, 14.11968631354256 53.75702912049104, 14.35331546393417 53.24817129171311, 14.07452111171943 52.98126251892535, 14.4375997250022 52.6248501654083, 14.68502648281572 52.08994741475522, 14.60709842291965 51.74518809671997, 15.01699588385878 51.10667409932171, 14.57071821458612 51.00233938252438, 14.30701338060067 51.11726776794137, 14.05622765468831 50.92691762959436, 13.3381319515604 50.73323436136428, 12.96683678554325 50.48407644306917, 12.24011111822267 50.26633779560723, 12.41519087082747 49.96912079528062, 12.52102420416134 49.54741526956275, 13.03132897304351 49.30706818297324, 13.59594567226458 48.87717194273716, 13.24335737473712 48.41611481382904, 12.88410281744387 48.28914581968786, 13.02585127122052 47.63758352313596, 12.93262698736606 47.467645575544, 12.62075971848452 47.67238760028442, 12.14135745611287 47.70308340106578, 11.42641401535485 47.52376618101306, 10.5445040218616 47.5663992376538, 10.40208377446532 47.30248769793917, 9.89606814946319 47.5801968450757, 9.594226108446378 47.5250580918202, 8.522611932009795 47.83082754169135, 8.317301466514095 47.61357982033627, 7.466759067422288 47.62058197691192, 7.593676385131062 48.33301911070373, 8.099278598674857 49.01778351500343, 6.65822960778371 49.20195831969164, 6.186320428094177 49.46380280211451, 6.242751092156993 49.90222565367873, 6.043073357781111 50.12805166279423, 6.15665815595878 50.80372101501058, 5.988658074577813 51.85161570902505, 6.589396599970826 51.85202912048339, 6.842869500362383 52.22844025329755, 7.092053256873896 53.14404328064489, 6.905139601274129 53.48216217713065, 7.100424838905269 53.69393219666267, 7.936239454793963 53.74829580343379, 8.121706170289485 53.52779246684429, 8.800734490604668 54.0207856309089, 8.572117954145369 54.39564647075406, 8.526229282270208 54.96274363872516, 9.282048780971138 54.83086538351631, 9.921906365609232 54.98310415304803))"
43,5500510.0,Europe,Denmark,DNK,203600.0,"MULTIPOLYGON (((12.69000613775563 55.60999095318078, 12.08999108241474 54.80001455343793, 11.04354332850423 55.36486379660425, 10.90391360845163 55.77995473898875, 12.37090416835329 56.11140737570884, 12.69000613775563 55.60999095318078)), ((10.91218183761836 56.45862132427791, 10.66780398930999 56.08138336854722, 10.36999271001199 56.19000722922473, 9.649984978889307 55.46999949810206, 9.921906365609175 54.98310415304806, 9.282048780971138 54.83086538351617, 8.526229282270236 54.96274363872499, 8.12031090661759 55.51772268332363, 8.089976840862249 56.5400117051376, 8.256581658571264 56.8099693874303, 8.543437534223386 57.11000275331691, 9.424469028367611 57.17206614849948, 9.775558709358563 57.44794078228966, 10.58000573084615 57.73001658795485, 10.54610599126269 57.21573273378615, 10.25000003423023 56.89001618105047, 10.36999271001199 56.60998159446083, 10.91218183761836 56.45862132427791)))"
49,40525002.0,Europe,Spain,ESP,1403000.0,"POLYGON ((-9.034817674180246 41.88057058365968, -8.984433152695672 42.59277517350627, -9.392883673530648 43.0266246608127, -7.97818966310831 43.74833771420099, -6.754491746436756 43.56790945085393, -5.411886359061597 43.57423981380968, -4.347842779955783 43.40344920508504, -3.517531704106091 43.4559007838613, -1.901351284177764 43.42280202897834, -1.502770961910528 43.03401439063043, 0.3380469091905809 42.57954600683955, 0.7015906103638941 42.79573436133261, 1.826793247087153 42.34338471126569, 2.985998976258458 42.47301504166986, 3.039484083680549 41.8921202662769, 2.091841668312185 41.2260885686831, 0.8105245296351882 41.01473196060934, 0.7213310074994013 40.67831838638924, 0.1066915218198687 40.12393362076202, -0.278711310212941 39.30997813573272, 0.1112907242938377 38.73851430923304, -0.4671235823491031 38.29236583104115, -0.6833894514905978 37.64235382745782, -1.438382127274849 37.44306366632422, -2.146452602538119 36.67414419203729, -3.415780808923387 36.65889964451118, -4.368900926114719 36.67783905694615, -4.995219285492212 36.32470815687964, -5.377159796561457 35.94685008396146, -5.866432257500904 36.02981659600606, -6.236693894872175 36.36767711033033, -6.520190802425404 36.94291331638732, -7.453725551778092 37.09778758396607, -7.537105475281024 37.42890432387624, -7.166507941099865 37.80389435480222, -7.029281175148796 38.07576406508977, -7.374092169616318 38.37305858006492, -7.098036668313128 39.03007274022379, -7.498632371439726 39.62957103124181, -7.066591559263529 39.71189158788277, -7.026413133156595 40.18452423762425, -6.864019944679385 40.33087189387483, -6.851126674822552 41.11108266861753, -6.389087693700915 41.38181549739465, -6.668605515967656 41.88338694921958, -7.251308966490824 41.91834605566505, -7.422512986673795 41.79207469335984, -8.013174607769912 41.79088613541713, -8.263856980817792 42.28046865495034, -8.67194576662672 42.13468943945496, -9.034817674180246 41.88057058365968))"
50,1299371.0,Europe,Estonia,EST,27410.0,"POLYGON ((24.31286258311462 57.79342357037697, 24.42892785004216 58.38341339785329, 24.06119835785319 58.25737457949341, 23.42656009287668 58.61275340436462, 23.33979536305864 59.18724030215338, 24.60421430837619 59.46585378685502, 25.86418908051664 59.61109039981133, 26.94913577648452 59.44580333112577, 27.98111412935324 59.47538808861287, 28.13169925305175 59.30082510033093, 27.42016645682494 58.72458120384424, 27.71668582531572 57.79189911562436, 27.28818484875151 57.47452830670383, 26.46353234223779 57.47638865826633, 25.60280968598437 57.84752879498657, 25.16459354014927 57.97015696881519, 24.31286258311462 57.79342357037697))"
52,5250275.0,Europe,Finland,FIN,193500.0,"POLYGON ((28.59192955904319 69.06477692328666, 28.44594363781866 68.36461294216404, 29.97742638522061 67.69829702419266, 29.05458865735233 66.94428620062193, 30.21765 65.80598000000001, 29.54442955904699 64.94867157659048, 30.44468468600371 64.20445343693909, 30.03587243014272 63.55281362573855, 31.51609215671112 62.86768748641289, 31.13999108249089 62.35769277612441, 30.21110721204445 61.78002777774969, 28.06999759289528 60.50351654727584, 26.25517296723697 60.4239606797625, 24.49662397634452 60.05731639265166, 22.86969485849946 59.84637319603623, 22.29076378753359 60.39192129174154, 21.32224409351932 60.72016998965952, 21.54486616383269 61.70532949487179, 21.05921105315369 62.60739329695874, 21.5360294939108 63.18973501245587, 22.44274417490399 63.81781037053129, 24.73051150889754 64.90234365504084, 25.39806766124394 65.11142650009374, 25.2940430030404 65.53434642197045, 23.9033785336338 66.00692739527962, 23.56587975433558 66.39605093043743, 23.53947309743444 67.93600861273525, 21.97853478362612 68.6168456081807, 20.64559288908953 69.10624726020087, 21.24493615081067 69.37044302029308, 22.35623782724741 68.84174144151491, 23.66204959483076 68.89124746365054, 24.73567915212672 68.64955678982146, 25.68921268077636 69.09211375596904, 26.17962202322624 69.82529897732614, 27.73229210786786 70.16419302029625, 29.01557295097197 69.76649119737799, 28.59192955904319 69.06477692328666))"
55,64057792.0,Europe,France,FRA,2128000.0,"MULTIPOLYGON (((-52.55642473001839 2.504705308437053, -52.93965715189498 2.124857692875622, -53.41846513529526 2.053389187016037, -53.55483924011349 2.334896551925965, -53.7785206772889 2.376702785650053, -54.08806250671728 2.105556545414629, -54.52475419779975 2.311848863123785, -54.27122962097579 2.738747870286943, -54.18428402364475 3.194172268075235, -54.01150387227682 3.622569891774859, -54.39954220235651 4.212611395683481, -54.47863298197922 4.896755682795643, -53.95804460307093 5.756548163267809, -53.61845292826484 5.646529038918402, -52.88214128275408 5.409850979021599, -51.82334286152593 4.565768133966145, -51.65779741067888 4.156232408053029, -52.24933753112398 3.241094468596287, -52.55642473001839 2.504705308437053)), ((9.560016310269134 42.15249197037957, 9.229752231491773 41.38000682226445, 8.775723097375362 41.58361196549444, 8.54421268070783 42.25651662858309, 8.746009148807588 42.62812185319396, 9.390000848028905 43.00998484961474, 9.560016310269134 42.15249197037957)), ((3.588184441755715 50.37899241800358, 4.286022983425141 49.90749664977255, 4.799221632515753 49.98537303323633, 5.674051954784886 49.52948354755745, 5.897759230176376 49.44266714130717, 6.186320428094206 49.46380280211446, 6.658229607783539 49.20195831969156, 8.099278598674772 49.01778351500337, 7.593676385131062 48.33301911070373, 7.466759067422231 47.62058197691186, 7.192202182655535 47.44976552997099, 6.736571079138088 47.54180125588289, 6.768713820023635 47.28770823830368, 6.037388950228973 46.72577871356191, 6.022609490593567 46.27298981382052, 6.500099724970454 46.42967275652944, 6.843592970414562 45.99114655210067, 6.802355177445662 45.70857982032868, 7.096652459347837 45.33309886329587, 6.749955275101712 45.02851797136759, 7.007562290076663 44.25476675066139, 7.549596388386163 44.12790110938482, 7.435184767291844 43.69384491634918, 6.529245232783069 43.12889232031836, 4.556962517931396 43.39965098731159, 3.10041059735272 43.07520050716712, 2.985998976258486 42.4730150416699, 1.826793247087181 42.34338471126566, 0.7015906103639225 42.79573436133265, 0.3380469091905809 42.57954600683956, -1.502770961910471 43.03401439063049, -1.901351284177736 43.42280202897834, -1.384225226232957 44.02261037859017, -1.193797573237362 46.01491771095488, -2.225724249673789 47.06436269793821, -2.963276129559574 47.57032664650797, -4.491554938159481 47.95495433205642, -4.592349819344747 48.68416046812695, -3.295813971357745 48.90169240985963, -1.616510789384932 48.64442129169458, -1.933494025063254 49.77634186461577, -0.9894689599553601 49.34737580016088, 1.338761020522753 50.12717316344526, 1.6390010921385 50.94660635029751, 2.513573032246171 51.14850617126186, 2.658422071960331 50.79684804951566, 3.123251580425716 50.78036326761452, 3.588184441755715 50.37899241800358)))"
57,62262000.0,Europe,United Kingdom,GBR,1977704.0,"MULTIPOLYGON (((-5.661948614921897 54.55460317648385, -6.197884894220977 53.86756500916334, -6.953730231137996 54.07370229757564, -7.572167934591079 54.05995636658599, -7.366030646178785 54.59584096945269, -7.572167934591079 55.1316222194549, -6.733847011736145 55.1728600124238, -5.661948614921897 54.55460317648385)), ((-3.005004848635281 58.63500010846633, -4.073828497728016 57.55302480735526, -3.055001796877661 57.69001902936094, -1.959280564776918 57.68479970969952, -2.219988165689301 56.87001740175353, -3.119003058271119 55.97379303651547, -2.085009324543023 55.90999848085127, -2.005675679673857 55.80490285035023, -1.11499101399221 54.6249864772654, -0.4304849918542004 54.46437612570216, 0.1849813167420393 53.32501414653103, 0.4699768408317766 52.92999949809197, 1.681530795914739 52.739520168664, 1.559987827164377 52.09999848083601, 1.050561557630914 51.80676056579568, 1.449865349950301 51.28942780212196, 0.5503336930455021 50.76573883727588, -0.7875174625586396 50.77498891865622, -2.489997524414377 50.50001862243124, -2.956273972984036 50.69687999124702, -3.617448085942328 50.22835561787272, -4.542507900399244 50.34183706318566, -5.245023159191135 49.95999990498109, -5.776566941745301 50.15967763935683, -4.309989793301838 51.21000112568916, -3.414850633142123 51.42600861266925, -3.422719467108323 51.42684816740609, -4.984367234710874 51.59346609151098, -5.267295701508885 51.99140045837459, -4.222346564134853 52.30135569926136, -4.770013393564113 52.84000499125563, -4.579999152026915 53.49500377055517, -3.093830673788659 53.40454740066968, -3.092079637047107 53.40444082296355, -2.945008510744344 53.98499970154668, -3.614700825433033 54.60093677329257, -3.630005458989331 54.61501292583301, -4.844169073903004 54.79097117778684, -5.082526617849226 55.06160065369937, -4.719112107756644 55.50847260194348, -5.047980922862109 55.78398550070753, -5.58639767091114 55.31114614523682, -5.644998745130181 56.27501496034481, -6.149980841486354 56.78500967063354, -5.786824713555291 57.81884837506465, -5.009998745127575 58.63001333275005, -4.211494513353557 58.55084503847917, -3.005004848635281 58.63500010846633)))"
64,10737428.0,Europe,Greece,GRC,343000.0,"MULTIPOLYGON (((23.699980096133 35.70500438083553, 24.24666507334868 35.36802236586016, 25.02501549652888 35.42499563246199, 25.76920779796419 35.35401805270908, 25.74502322765159 35.17999766696622, 26.29000288260173 35.29999034274792, 26.16499759288766 35.0049954290098, 24.7249821306423 34.91998769788961, 24.73500735850695 35.08499054619759, 23.51497846852811 35.27999156345098, 23.699980096133 35.70500438083553)), ((26.60419559093629 41.56211456966111, 26.29460208507578 40.93626129817426, 26.05694217296551 40.82412344010083, 25.44767703624419 40.85254547786147, 24.92584842296094 40.94706167252323, 23.71481123220082 40.68712921809512, 24.40799889496407 40.1249929876241, 23.89996788910258 39.96200552017558, 23.3429993018608 39.96099782974579, 22.81398766448896 40.47600515396655, 22.62629886240478 40.25656118423919, 22.84974775563481 39.65931081802577, 23.3500272966526 39.19001129816726, 22.97309939951555 38.97090322524966, 23.53001631032495 38.51000112563847, 24.02502485524894 38.21999298761645, 24.0400110206136 37.65501455336943, 23.11500288258915 37.92001129816222, 23.40997195811107 37.4099907496574, 22.77497195810864 37.30501007745656, 23.15422529469862 36.42250580499206, 22.49002811045111 36.41000010837746, 21.6700264828437 36.8449864771942, 21.29501061370158 37.6449893255047, 21.12003421396133 38.31032339126273, 20.73003217945458 38.76998525649879, 20.21771202971286 39.34023468683964, 20.15001590341052 39.62499766698403, 20.61500044117278 40.11000682225944, 20.67499677906363 40.43499990494306, 20.99998986174728 40.58000397395398, 21.02004031747643 40.84272695572588, 21.67416059742698 40.93127452245798, 22.05537763844427 41.14986583105269, 22.59730838388901 41.1304871689432, 22.76177000000007 41.30480000000009, 22.95237715016657 41.33799388281122, 23.69207360199246 41.30908091894386, 24.49264489105803 41.58389618587205, 25.19720136892553 41.23448598893066, 26.10613813650718 41.32889883072784, 26.11704186372091 41.82690460872473, 26.60419559093629 41.56211456966111)))"
69,4489409.0,Europe,Croatia,HRV,82390.0,"POLYGON ((18.82983808765005 45.90887767189184, 19.07276899585418 45.52151113543209, 19.39047570158459 45.23651561134238, 19.00548628101012 44.86023366960916, 18.55321414559165 45.08158966733146, 17.8617834815264 45.06774038347714, 17.00214603035101 45.23377676043094, 16.53493940600021 45.21160757097772, 16.31815677253587 45.00412669532591, 15.95936730313338 45.23377676043094, 15.75002607591898 44.81871165626256, 16.23966027188453 44.35114329688571, 16.45644290534887 44.04123973243128, 16.91615644701733 43.66772247982567, 17.29737348803445 43.44634064388737, 17.67492150235898 43.02856252702361, 18.55999999999995 42.64999999999998, 18.45001631030482 42.47999136002932, 17.50997033048333 42.84999461523915, 16.93000573087164 43.20999848080038, 16.01538455573768 43.50721548112722, 15.1744539730521 44.24319122982791, 15.3762504411518 44.31791535092208, 14.92030927904051 44.73848399512946, 14.90160241055088 45.07606028907611, 14.25874759284 45.23377676043094, 13.95225467291704 44.80212352149687, 13.65697553880119 45.13693512631596, 13.67940311041582 45.48414907488501, 13.71505984869725 45.50032379819243, 14.4119682145855 45.46616567644742, 14.59510949062792 45.63494090431283, 14.93524376797296 45.47169505470276, 15.32767459479743 45.45231639259333, 15.32395389167243 45.73178253842769, 15.67152957526764 45.83415355079791, 15.76873294440861 46.23810822202353, 16.56480838386494 46.50375092221981, 16.88251508959542 46.38063182228444, 17.63006635912956 45.9517691106941, 18.45606245288286 45.75948110613615, 18.82983808765005 45.90887767189184))"
71,9905596.0,Europe,Hungary,HUN,196600.0,"POLYGON ((16.20229821133736 46.85238597267696, 16.53426761238038 47.49617096616912, 16.34058434415041 47.71290192320123, 16.90375410326726 47.71486562762833, 16.97966678230404 48.12349701597631, 17.48847293464982 47.86746613218622, 17.85713260262003 47.75842886005037, 18.69651289233693 47.8809536810144, 18.77702477384767 48.08176829690063, 19.17436486173989 48.11137889260387, 19.6613635596585 48.26661489520866, 19.76947065601311 48.20269114846361, 20.23905439624935 48.32756724709692, 20.47356204598987 48.56285004332182, 20.80129397958493 48.62385407164238, 21.87223636240174 48.31997081155002, 22.08560835133486 48.42226430927179, 22.64081993987875 48.15023956968736, 22.71053144704049 47.88219391538941, 22.09976769378284 47.6724392767167, 21.62651492685387 46.99423777931816, 21.02195234547125 46.3160879583519, 20.22019249846284 46.12746898048655, 19.59604454924158 46.17172984474454, 18.82983808764996 45.90887767189193, 18.45606245288286 45.75948110613614, 17.63006635912956 45.95176911069419, 16.8825150895953 46.38063182228444, 16.56480838386486 46.50375092221983, 16.37050499844742 46.8413272161665, 16.20229821133736 46.85238597267696))"
74,4203200.0,Europe,Ireland,IRL,188400.0,"POLYGON ((-6.197884894220991 53.86756500916336, -6.032985398777611 53.15316417094435, -6.788856573910849 52.26011790629234, -8.561616583683559 51.66930125589936, -9.977085740590269 51.82045482035308, -9.166282517930782 52.86462881124268, -9.688524542672454 53.8813626165853, -8.327987433292009 54.66451894796863, -7.572167934591064 55.13162221945487, -7.366030646178785 54.59584096945272, -7.572167934591064 54.059956366586, -6.953730231138067 54.07370229757564, -6.197884894220991 53.86756500916336))"
77,306694.0,Europe,Iceland,ISL,12710.0,"POLYGON ((-14.50869544112923 66.45589223903143, -14.73963741704161 65.8087482774403, -13.60973222497981 65.12667104761987, -14.9098337467949 64.36408193628868, -17.79443803554342 63.67874909123385, -18.65624589687499 63.49638296167582, -19.97275468594276 63.64363495549153, -22.76297197111016 63.96017894149539, -21.77848425951768 64.40211579045551, -23.95504391121911 64.8911298692335, -22.18440263517036 65.08496816676031, -22.22742326505333 65.37859365504274, -24.32618404793934 65.61118927678847, -23.65051469572309 66.26251902939522, -22.13492245125089 66.41046865504687, -20.57628373867955 65.73211212835143, -19.05684160000159 66.27660085719477, -17.79862382655905 65.99385325790978, -16.16781897629212 66.52679230413587, -14.50869544112923 66.45589223903143))"
79,58126212.0,Europe,Italy,ITA,1823000.0,"MULTIPOLYGON (((15.52037601081383 38.23115509699147, 15.16024295417174 37.44404551853782, 15.30989790208901 37.1342194687318, 15.09998823411945 36.6199872909954, 14.33522871263202 36.99663096775475, 13.82673261887993 37.1045313583802, 12.43100385910881 37.61294993748382, 12.57094363775514 38.12638113051969, 13.74115644700458 38.03496552179536, 14.76124922044616 38.1438736028505, 15.52037601081383 38.23115509699147)), ((9.210011834356266 41.20999136002422, 9.809975213264977 40.5000088567661, 9.669518670295673 39.17737641047179, 9.214817742559489 39.24047333430013, 8.806935662479731 38.90661774347848, 8.428302443077115 39.17184703221662, 8.388253208050941 40.37831085871881, 8.15999840661766 40.95000722916379, 8.709990675500109 40.89998444270523, 9.210011834356266 41.20999136002422)), ((12.37648522304085 46.76755910906988, 13.80647545742156 46.50930613869119, 13.69810997890548 46.01677806251737, 13.93763024257834 45.59101593686466, 13.1416064795543 45.73669179949542, 12.32858117030631 45.38177806251485, 12.3838749528586 44.88537425391908, 12.26145348475916 44.60048208269401, 12.58923709478648 44.09136587175448, 13.52690595872249 43.58772736263791, 14.02982099778703 42.76100779883248, 15.14256961432795 41.95513967545691, 15.9261910336019 41.96131500911574, 16.16989708829041 41.74029490820342, 15.88934573737779 41.5410822617182, 16.78500166186058 41.17960561783659, 17.51916873543121 40.87714345963224, 18.37668745288258 40.35562490494266, 18.4802470231954 40.16886627863983, 18.2933850440281 39.81077444107325, 17.73838016121329 40.2776710068303, 16.86959598152234 40.44223460546385, 16.44874311693732 39.79540070246648, 17.1714896989715 39.42469981542072, 17.05284061042934 38.90287120213731, 16.63508833178184 38.8435724960824, 16.10096072761306 37.98589874933418, 15.6840869483145 37.90884918878703, 15.68796268073632 38.21459280044186, 15.89198123542471 38.75094249119923, 16.10933230964432 38.96454702407769, 15.71881351081464 39.54407237401495, 15.41361250169882 40.04835683853517, 14.99849572109824 40.17294871679093, 14.70326826341477 40.60455027929262, 14.06067182786526 40.78634796809544, 13.6279850602854 41.18828725846166, 12.88808190273042 41.25308950455562, 12.10668257004491 41.70453481705741, 11.19190636561419 42.35542531998968, 10.5119478695178 42.93146251074722, 10.20002892420405 43.92000682227462, 9.702488234097814 44.03627879493132, 8.888946160526871 44.36633616797954, 8.428560825238577 44.23122813575242, 7.850766635783202 43.76714793555524, 7.435184767291844 43.69384491634918, 7.549596388386163 44.12790110938482, 7.007562290076663 44.25476675066139, 6.749955275101712 45.02851797136759, 7.096652459347837 45.33309886329587, 6.802355177445662 45.70857982032868, 6.843592970414562 45.99114655210067, 7.273850945676685 45.77694774025076, 7.755992058959833 45.82449005795928, 8.316629672894379 46.16364248309085, 8.489952426801295 46.00515086525175, 8.966305779667834 46.03693187111116, 9.182881707403112 46.44021474871698, 9.922836541390353 46.31489940040919, 10.36337812667867 46.48357127540984, 10.4427014502466 46.89354625099745, 11.04855594243651 46.7513585475464, 11.16482791509333 46.94157949481274, 12.15308800624308 47.11539317482644, 12.37648522304085 46.76755910906988)))"
88,1804838.0,Europe,Kosovo,-99,5352.0,"POLYGON ((20.76215999999999 42.05186000000003, 20.71731000000011 41.84711000000004, 20.59023000000008 41.85541000000006, 20.52295000000004 42.21787000000006, 20.28374000000008 42.3202500000001, 20.07070000000004 42.58863000000008, 20.25758000000008 42.81275000000011, 20.49679000000003 42.88469000000003, 20.63507999999996 43.21670999999998, 20.81448 43.27205000000009, 20.95650999999998 43.13094000000007, 21.14339500000006 43.06868500000013, 21.27421000000004 42.90959000000009, 21.43865999999997 42.86254999999994, 21.63302000000004 42.67717000000005, 21.77505000000002 42.68270000000001, 21.66292000000004 42.43922000000003, 21.54332000000005 42.3202500000001, 21.57663598940212 42.24522439706186, 21.35270000000014 42.20679999999999, 20.76215999999999 42.05186000000003))"
96,3555179.0,Europe,Lithuania,LTU,63330.0,"POLYGON ((22.73109866709265 54.32753693299333, 22.65105187347254 54.58274099386674, 22.75776370615526 54.85657440858138, 22.31572350433058 55.01529857036586, 21.26844892750347 55.19048167583531, 21.05580040862242 56.03107636171107, 22.20115685393949 56.33780182557949, 23.87826378753996 56.27367137310527, 24.86068444184076 56.37252838807963, 25.00093427908089 56.16453074810484, 25.53304650239033 56.10029694276604, 26.49433149588376 55.61510691997763, 26.58827924979039 55.16717560487167, 25.7684326514798 54.84696259217509, 25.53635379405699 54.28242340760253, 24.45068362803704 53.90570221619475, 23.48412763844985 53.91249766704114, 23.24398725758951 54.22056671814914, 22.73109866709265 54.32753693299333))"
97,491775.0,Europe,Luxembourg,LUX,39370.0,"POLYGON ((6.043073357781111 50.12805166279423, 6.242751092156993 49.90222565367873, 6.186320428094177 49.46380280211451, 5.897759230176405 49.44266714130703, 5.674051954784829 49.5294835475575, 5.782417433300907 50.09032786722122, 6.043073357781111 50.12805166279423))"
98,2231503.0,Europe,Latvia,LVA,38860.0,"POLYGON ((21.05580040862242 56.03107636171107, 21.09042361825797 56.78387278912294, 21.58186648935367 57.41187063254993, 22.52434126149288 57.75337433535076, 23.3184529965221 57.00623647727487, 24.12072960785343 57.02569265403277, 24.31286258311462 57.79342357037697, 25.16459354014927 57.97015696881519, 25.60280968598437 57.84752879498657, 26.46353234223779 57.47638865826633, 27.28818484875151 57.47452830670383, 27.77001590344093 57.24425812441123, 27.85528201672253 56.75932648378429, 28.176709425578 56.16912995057881, 27.10245975109453 55.78331370708769, 26.49433149588376 55.61510691997763, 25.53304650239033 56.10029694276604, 25.00093427908089 56.16453074810484, 24.86068444184076 56.37252838807963, 23.87826378753996 56.27367137310527, 22.20115685393949 56.33780182557949, 21.05580040862242 56.03107636171107))"
100,4320748.0,Europe,Moldova,MDA,10670.0,"POLYGON ((26.6193367855978 48.22072622333347, 26.85782352062481 48.3682107610945, 27.52253746919516 48.46711945250112, 28.25954674654184 48.15556224221342, 28.67089114758517 48.1181485052341, 29.12269819511303 47.84909516050647, 29.05086795422733 47.5102269557525, 29.41513512545274 47.34664520933258, 29.55967410657311 46.92858287209133, 29.9088517595693 46.67436066343146, 29.8382100766263 46.52532583270169, 30.02465864433537 46.42393667254504, 29.75997195813639 46.34998769793536, 29.17065392427989 46.3792623968287, 29.07210696789929 46.5176777207225, 28.86297244641406 46.43788930926383, 28.93371748222162 46.2588304713725, 28.65998742037158 45.93998688413164, 28.48526940279277 45.5969070501459, 28.23355350109904 45.48828318946838, 28.0544429867754 45.94458608660563, 28.16001793794771 46.37156260841722, 28.12803022635904 46.81047638608825, 27.55116621268485 47.40511709247083, 27.23387291841274 47.82677094175638, 26.92417605968757 48.123264472031, 26.6193367855978 48.22072622333347))"
103,2066718.0,Europe,Macedonia,MKD,18780.0,"POLYGON ((20.59023000000008 41.85541000000006, 20.71731000000011 41.84711000000004, 20.76215999999999 42.05186000000003, 21.35270000000014 42.20679999999999, 21.57663598940212 42.24522439706186, 21.91708000000011 42.30363999999997, 22.38052575042468 42.32025950781508, 22.88137373219735 41.99929718685036, 22.95237715016651 41.33799388281119, 22.76177000000001 41.30480000000006, 22.59730838388901 41.1304871689432, 22.05537763844427 41.14986583105269, 21.67416059742698 40.93127452245795, 21.0200403174764 40.84272695572588, 20.60517999999996 41.08622000000008, 20.46315000000004 41.5150900000001, 20.59023000000008 41.85541000000006))"
106,672180.0,Europe,Montenegro,MNE,6816.0,"POLYGON ((19.80161339689869 42.50009349219084, 19.73805138517963 42.68824738216557, 19.3044900000001 42.19574000000006, 19.37177000000014 41.87754999999993, 19.16245999999995 41.95502000000005, 18.88214000000005 42.28151000000003, 18.45000000000005 42.48000000000002, 18.55999999999995 42.64999999999998, 18.70648000000006 43.20011, 19.03165000000007 43.43252999999999, 19.21851999999996 43.52384000000001, 19.48388999999997 43.35229000000004, 19.63 43.21377997027054, 19.95857000000007 43.10604000000006, 20.33980000000008 42.89852000000002, 20.25758000000008 42.81275000000011, 20.07070000000004 42.58863000000008, 19.80161339689869 42.50009349219084))"
117,16715999.0,Europe,Netherlands,NLD,672000.0,"POLYGON ((6.074182570020923 53.51040334737814, 6.905139601274129 53.48216217713065, 7.092053256873896 53.14404328064489, 6.842869500362383 52.22844025329755, 6.589396599970826 51.85202912048339, 5.988658074577813 51.85161570902505, 6.15665815595878 50.80372101501058, 5.606975945670001 51.03729848896978, 4.973991326526914 51.47502370869813, 4.047071160507528 51.26725861266857, 3.314971144228537 51.34575511331991, 3.830288527043137 51.62054454203195, 4.705997348661185 53.09179840759776, 6.074182570020923 53.51040334737814))"
118,4676305.0,Europe,Norway,NOR,276400.0,"MULTIPOLYGON (((28.16554731620292 71.18547435168051, 31.29341840996548 70.45378774685992, 30.00543501152279 70.1862588568849, 31.10107872897512 69.55808014594487, 29.39958051933289 69.15691600206307, 28.59192955904319 69.0647769232867, 29.01557295097197 69.76649119737797, 27.73229210786789 70.1641930202963, 26.1796220232263 69.82529897732616, 25.68921268077639 69.09211375596902, 24.73567915212672 68.64955678982145, 23.66204959483076 68.89124746365053, 22.35623782724741 68.84174144151496, 21.24493615081073 69.37044302029312, 20.64559288908958 69.10624726020086, 20.02526899585791 69.06513865831272, 19.87855960458126 68.40719432237262, 17.99386844246439 68.56739126247734, 17.72918175626535 68.01055186631623, 16.76887861498554 68.01393667263139, 16.10871219245684 67.3024555528369, 15.10841149258306 66.19386688909543, 13.55568973150909 64.78702769638147, 13.91990522630221 64.44542064071612, 13.57191613124877 64.04911408146967, 12.57993533697393 64.06621898055835, 11.93056928879423 63.12831757267699, 11.99206424322153 61.80036245385656, 12.63114668137524 61.2935716823701, 12.3003658382749 60.11793284773006, 11.46827192551117 59.432393296946, 11.02736860519693 58.8561494004594, 10.3565568376161 59.46980703392538, 8.382000359743643 58.31328847923328, 7.048748406613299 58.07888418235729, 5.665835402050419 58.58815542259367, 5.308234490590735 59.66323191999382, 4.992078077829007 61.97099803328427, 5.912900424837886 62.6144729681827, 8.553411085655767 63.45400828719647, 10.52770918136679 64.48603831649748, 12.35834679530637 65.87972585719316, 14.7611458675816 67.81064158799515, 16.43592736172897 68.56320547146169, 19.18402835457852 69.81744415961782, 21.37841637542061 70.25516937934606, 23.02374230316158 70.20207184516627, 24.54654340993852 71.03049673123724, 26.37004967622181 70.98626170519537, 28.16554731620292 71.18547435168051)), ((24.72412000000003 77.85384999999997, 22.49032 77.44492999999997, 20.72601 77.67704000000001, 21.41611 77.93504000000001, 20.81189999999998 78.25462999999999, 22.88426000000001 78.45494000000005, 23.28134000000003 78.07953999999998, 24.72412000000003 77.85384999999997)), ((18.25183000000007 79.70175, 21.54382999999999 78.95611000000002, 19.02737000000005 78.56259999999997, 18.47172000000006 77.82669000000001, 17.59441000000007 77.63796000000002, 17.1182 76.80940999999999, 15.91315 76.77044999999998, 13.76258999999996 77.38034999999996, 14.66956000000002 77.73564999999996, 13.17060000000004 78.02493000000004, 11.22231000000005 78.86930000000004, 10.44453000000001 79.65239000000003, 13.17077000000006 80.01045999999999, 13.71852000000001 79.66039000000001, 15.14282000000006 79.67431000000005, 15.52255000000002 80.01608000000004, 16.99084999999999 80.05085999999997, 18.25183000000007 79.70175)), ((25.44762535981189 80.40734039989451, 27.4075057309135 80.05640574820046, 25.92465050629818 79.51783397085455, 23.02446577321362 79.4000117052291, 20.07518842945188 79.56682322866726, 19.89726647307091 79.84236196564751, 18.46226362475792 79.85988027619442, 17.36801517097746 80.31889618602702, 20.4559920590107 80.59815562613224, 21.9079447771154 80.35767934846209, 22.91925255706744 80.6571442735935, 25.44762535981189 80.40734039989451)))"
127,38482919.0,Europe,Poland,POL,667900.0,"POLYGON ((15.01699588385867 51.10667409932158, 14.60709842291953 51.74518809671997, 14.68502648281569 52.0899474147552, 14.4375997250022 52.62485016540839, 14.07452111171949 52.98126251892543, 14.35331546393414 53.24817129171297, 14.11968631354259 53.75702912049104, 14.80290042487346 54.05070628520575, 16.36347700365573 54.51315867778573, 17.62283165860867 54.85153595643291, 18.62085859546164 54.68260569927078, 18.69625451017546 54.43871877706929, 19.6606400896064 54.42608388937393, 20.89224450041863 54.31252492941253, 22.73109866709265 54.32753693299333, 23.24398725758951 54.22056671814914, 23.48412763844985 53.91249766704114, 23.527535841575 53.47012156840655, 23.80493493011778 53.08973135030607, 23.79919884613338 52.69109935160657, 23.19949384938619 52.48697744405367, 23.50800215016869 52.02364655212473, 23.52707075368437 51.57845408793024, 24.0299857927489 50.70540660257518, 23.92275719574326 50.42488108987875, 23.42650841644439 50.30850576435746, 22.5184501482116 49.47677358661974, 22.77641889821263 49.02739533140962, 22.55813764821175 49.08573802346714, 21.60780805836421 49.47010732685409, 20.88795535653841 49.32877228453583, 20.41583947111985 49.43145335549977, 19.82502282072687 49.21712535256923, 19.32071251799047 49.57157400165919, 18.90957482267632 49.43584585224458, 18.85314415861362 49.49622976337764, 18.39291385262217 49.98862864847075, 17.64944502123899 50.04903839781996, 17.55456709155112 50.36214590107642, 16.86876915860566 50.47397370055603, 16.71947594571444 50.21574656839354, 16.17625328946227 50.42260732685791, 16.23862674323857 50.69773265237984, 15.49097212083973 50.78472992614321, 15.01699588385867 51.10667409932158))"
130,10707924.0,Europe,Portugal,PRT,208627.0,"POLYGON ((-9.034817674180246 41.88057058365968, -8.67194576662672 42.13468943945496, -8.263856980817792 42.28046865495034, -8.013174607769912 41.79088613541713, -7.422512986673795 41.79207469335984, -7.251308966490824 41.91834605566505, -6.668605515967656 41.88338694921958, -6.389087693700915 41.38181549739465, -6.851126674822552 41.11108266861753, -6.864019944679385 40.33087189387483, -7.026413133156595 40.18452423762425, -7.066591559263529 39.71189158788277, -7.498632371439726 39.62957103124181, -7.098036668313128 39.03007274022379, -7.374092169616318 38.37305858006492, -7.029281175148796 38.07576406508977, -7.166507941099865 37.80389435480222, -7.537105475281024 37.42890432387624, -7.453725551778092 37.09778758396607, -7.855613165711986 36.83826854099627, -8.382816127953689 36.97888011326246, -8.898856980820327 36.86880931248078, -8.746101446965554 37.65134552667661, -8.83999752443988 38.26624339451762, -9.287463751655224 38.3584858261586, -9.526570603869715 38.73742910415491, -9.446988898140233 39.39206614842837, -9.048305223008427 39.75509308527877, -8.977353481471681 40.15930613866581, -8.768684047877102 40.76063894303019, -8.79085323733031 41.18433401139126, -8.990789353867569 41.54345937760364, -9.034817674180246 41.88057058365968))"
134,22215421.0,Europe,Romania,ROU,271400.0,"POLYGON ((22.71053144704049 47.88219391538941, 23.14223636240681 48.09634105080695, 23.76095828623741 47.98559845640546, 24.40205610525038 47.98187775328043, 24.86631717296058 47.73752574318831, 25.20774336111299 47.89105642352747, 25.9459411964024 47.98714874937421, 26.19745039236693 48.22088125263035, 26.6193367855978 48.22072622333347, 26.92417605968757 48.123264472031, 27.23387291841274 47.82677094175638, 27.55116621268485 47.40511709247083, 28.12803022635904 46.81047638608825, 28.16001793794771 46.37156260841722, 28.0544429867754 45.94458608660563, 28.23355350109904 45.48828318946838, 28.67977949393938 45.3040308701317, 29.14972496920165 45.46492544207246, 29.60328901542744 45.29330801043113, 29.62654340995877 45.0353909368624, 29.14161176933183 44.82021027279905, 28.8378577003202 44.91387380632806, 28.558081495892 43.70746165625813, 27.97010704927508 43.81246816667522, 27.24239952974091 44.1759860296324, 26.06515872569975 43.94349376075127, 25.56927168142693 43.68844472917472, 24.10067915212417 43.74105133724785, 23.33230228037633 43.89701080990471, 22.94483239105185 43.82378530534713, 22.65714969248299 44.23492300066128, 22.4740084164406 44.40922760678177, 22.70572553883736 44.57800283464702, 22.45902225107594 44.7025171982543, 22.14508792490281 44.47842234962059, 21.56202273935361 44.7689472519655, 21.48352623870224 45.18117015235778, 20.87431277841335 45.41637543393423, 20.76217492033999 45.73457306577144, 20.22019249846284 46.12746898048655, 21.02195234547125 46.3160879583519, 21.62651492685387 46.99423777931816, 22.09976769378284 47.6724392767167, 22.71053144704049 47.88219391538941))"
135,140041247.0,Europe,Russia,RUS,2266000.0,"MULTIPOLYGON (((143.6480074403629 50.74760040954152, 144.6541475770856 48.9763906927376, 143.1739278505172 49.30655141865037, 142.5586682476501 47.86157501890492, 143.5334924664041 46.83672801369249, 143.5052771343726 46.13790761980948, 142.7477006369739 46.74076487892657, 142.0920300640545 45.96675527605879, 141.906925083585 46.80592886004655, 142.0184428244709 47.78013296161294, 141.9044446148351 48.85918854429957, 142.1358000022057 49.61516307229746, 142.1799833518153 50.95234243428192, 141.5940759624901 51.93543488220254, 141.6825460145737 53.30196645772878, 142.6069340354108 53.76214508728791, 142.2097489768154 54.22547597921687, 142.654786411713 54.36588084575388, 142.9146155132766 53.70457754171474, 143.2608476096321 52.74076040303905, 143.2352677756477 51.75666026468875, 143.6480074403629 50.74760040954152)), ((22.73109866709265 54.32753693299333, 20.89224450041866 54.31252492941258, 19.6606400896064 54.42608388937398, 19.88848147958134 54.8661603867715, 21.2684489275035 55.19048167583529, 22.31572350433061 55.0152985703659, 22.75776370615529 54.85657440858142, 22.65105187347257 54.58274099386671, 22.73109866709265 54.32753693299333)), ((-175.01425 66.58435000000003, -174.33983 66.33556000000002, -174.57182 67.06219000000004, -171.85731 66.91308000000004, -169.89958 65.97724000000005, -170.89107 65.54139000000001, -172.5302500000001 65.43790999999999, -172.555 64.46079000000003, -172.95533 64.25269, -173.89184 64.28260000000003, -174.65392 64.63124999999997, -175.98353 64.92288000000005, -176.20716 65.35666999999998, -177.22266 65.52024000000003, -178.35993 65.39052000000004, -178.90332 65.74043999999998, -178.6861099999999 66.11211, -179.88377 65.87456000000006, -179.43268 65.40410999999997, -180 64.97970870219837, -180 68.96363636363637, -177.55 68.20000000000005, -174.92825 67.20589000000007, -175.01425 66.58435000000003)), ((180.0000000000001 70.83219920854668, 178.9034250000001 70.78114000000005, 178.7253 71.09880000000004, 180.0000000000001 71.51571433642826, 180.0000000000001 70.83219920854668)), ((-178.6937800000001 70.89302000000001, -180 70.83219920854668, -180 71.51571433642826, -179.871875 71.55762000000001, -179.02433 71.55553, -177.577945 71.26948000000004, -177.663575 71.13276999999999, -178.6937800000001 70.89302000000001)), ((143.6038500000001 73.21243999999999, 142.0876300000001 73.20544000000001, 140.038155 73.31691999999998, 139.8631200000001 73.36983000000004, 140.81171 73.76506000000003, 142.06207 73.85758000000004, 143.48283 73.47524999999999, 143.6038500000001 73.21243999999999)), ((150.73167 75.08405999999999, 149.5759250000001 74.68892, 147.977465 74.77835500000003, 146.11919 75.17297999999997, 146.358485 75.49681999999996, 148.22223 75.345845, 150.73167 75.08405999999999)), ((145.086285 75.56262499999997, 144.3 74.82000000000005, 140.61381 74.84767999999997, 138.95544 74.61148, 136.9743900000001 75.26166999999998, 137.51176 75.94916999999998, 138.831075 76.13675999999998, 141.471615 76.09288999999995, 145.086285 75.56262499999997)), ((57.5356925799924 70.72046397570216, 56.94497928246395 70.63274323188668, 53.6773751157842 70.76265778266847, 53.41201663596539 71.20666168892021, 51.60189456564572 71.47475901965049, 51.45575361512422 72.01488108996514, 52.47827518088357 72.22944163684096, 52.44416873557086 72.77473135038485, 54.42761355979766 73.62754751249759, 53.50828982932515 73.74981395130015, 55.90245893740766 74.62748647734534, 55.63193281435971 75.08141225859717, 57.86864383324885 75.60939036732321, 61.1700443866475 76.25188345000814, 64.49836836127022 76.43905548776928, 66.21097700385511 76.80978221303124, 68.15705976753483 76.93969676381292, 68.85221113472514 76.54481130645462, 68.18057254422766 76.23364166940911, 64.63732628770302 75.73775462513623, 61.58350752141476 75.2608845079468, 58.47708214705338 74.30905630156283, 56.98678551618801 73.33304352486624, 55.41933597191095 72.37126760526598, 55.6228377622763 71.54059479439033, 57.5356925799924 70.72046397570216)), ((106.9701300000001 76.97419000000005, 107.2400000000002 76.48000000000002, 108.1538000000001 76.72335000000015, 111.0772600000002 76.71000000000001, 113.33151 76.22223999999997, 114.1341700000001 75.84764000000001, 113.8853900000001 75.32779000000014, 112.7791800000001 75.03186000000008, 110.1512500000002 74.47673000000003, 109.4 74.18000000000004, 110.6400000000001 74.04000000000002, 112.11919 73.78774000000013, 113.0195400000003 73.97693000000015, 113.5295800000003 73.33505000000011, 113.96881 73.5948800000001, 115.5678200000001 73.75285000000008, 118.7763300000002 73.58771999999999, 119.02 73.12000000000003, 123.2006600000001 72.97122000000007, 123.2577700000002 73.73503000000011, 125.3800000000002 73.56000000000006, 126.9764400000001 73.5654900000001, 128.5912600000001 73.03871000000007, 129.05157 72.39872000000008, 128.4600000000001 71.98000000000002, 129.7159900000002 71.19304000000008, 131.2885800000003 70.78699000000012, 132.2535000000002 71.83630000000011, 133.8576600000003 71.38642000000016, 135.56193 71.65525000000014, 137.4975500000001 71.34763000000009, 138.2340900000002 71.62803000000002, 139.8698300000001 71.48783000000014, 139.1479100000001 72.41619000000011, 140.46817 72.84941000000015, 149.5 72.20000000000005, 150.3511800000002 71.60643000000002, 152.9689000000002 70.84222000000003, 157.0068800000001 71.03141000000005, 158.9977900000001 70.86671999999999, 159.8303100000003 70.45324000000005, 159.7086600000001 69.72198, 160.9405300000003 69.4372800000001, 162.2790700000001 69.64204000000001, 164.0524800000001 69.66822999999999, 165.9403700000002 69.47199000000001, 167.83567 69.5826900000001, 169.5776300000002 68.69380000000004, 170.8168800000003 69.01362999999998, 170.0082000000002 69.65276000000006, 170.4534500000003 70.09703000000007, 173.6439100000003 69.81743000000006, 175.7240300000002 69.87725000000023, 178.6000000000001 69.40000000000009, 180.0000000000001 68.96363636363657, 180.0000000000001 64.97970870219848, 179.99281 64.97432999999998, 178.7072000000003 64.53493000000003, 177.4112800000002 64.60821000000001, 178.3130000000002 64.07593, 178.9082500000002 63.25197000000014, 179.3703400000001 62.98262000000011, 179.48636 62.56893999999997, 179.2282500000001 62.30410000000015, 177.3643 62.52190000000004, 174.5692900000002 61.76915000000002, 173.68013 61.65261000000007, 172.1500000000001 60.94999999999996, 170.6985000000001 60.3361800000001, 170.3308500000003 59.88177000000005, 168.90046 60.57355000000007, 166.2949800000003 59.78855000000021, 165.8400000000002 60.16000000000003, 164.87674 59.73160000000001, 163.5392900000001 59.86871000000002, 163.2171100000002 59.21101000000002, 162.0173300000001 58.24328000000003, 162.05297 57.83911999999995, 163.1919100000001 57.6150300000001, 163.0579400000002 56.15924000000012, 162.1295800000002 56.12219000000005, 161.7014600000001 55.28568000000016, 162.1174900000002 54.85514000000001, 160.3687700000004 54.34433000000007, 160.0217300000002 53.20257000000009, 158.5309400000002 52.95868000000024, 158.23118 51.94269, 156.7897900000003 51.01105000000007, 156.4200000000002 51.70000000000005, 155.99182 53.15895, 155.4336600000001 55.38103000000012, 155.9144200000003 56.76792000000015, 156.75815 57.36470000000003, 156.8103500000001 57.83204000000001, 158.3643300000002 58.05575000000002, 160.1506400000002 59.31477000000012, 161.87204 60.34300000000013, 163.66969 61.1409000000001, 164.4735500000001 62.55061000000001, 163.2584200000002 62.46627000000009, 162.65791 61.64250000000004, 160.1214800000001 60.54423000000008, 159.3023200000001 61.7739600000001, 156.7206800000001 61.43442000000005, 154.2180600000003 59.75818000000012, 155.0437500000001 59.14495000000005, 152.8118500000001 58.88385000000005, 151.2657300000003 58.78088999999997, 151.3381500000001 59.50396000000006, 149.7837100000001 59.65573000000015, 148.54481 59.16448, 145.4872200000001 59.33637000000002, 142.1978200000002 59.0399800000001, 138.9584800000003 57.08805000000004, 135.12619 54.72959000000009, 136.7017100000001 54.60355000000013, 137.1934200000001 53.97731999999999, 138.1647000000001 53.75501000000025, 138.80463 54.25455000000011, 139.9015100000001 54.18968000000018, 141.3453100000001 53.08957000000012, 141.3792300000001 52.23877000000005, 140.5974200000002 51.2396700000001, 140.51308 50.04553000000013, 140.0619300000002 48.44671000000017, 138.5547200000002 46.99964999999997, 138.21971 46.30795000000001, 136.8623200000001 45.14350000000019, 135.5153500000002 43.98900000000009, 134.8693900000003 43.39821000000006, 133.5368700000003 42.8114700000001, 132.9062700000001 42.7984900000001, 132.2780700000003 43.28456000000011, 130.9358700000002 42.55274000000009, 130.78 42.2200000000002, 130.6400000000002 42.39500000000004, 130.6338664084098 42.90301463477056, 131.144687941615 42.92998973242695, 131.2885551291156 44.11151968034827, 131.0251900000003 44.96796000000006, 131.8834542176596 45.32116160743652, 133.0971200000002 45.14409000000006, 133.7696439963132 46.11692698829916, 134.1123500000002 47.21248000000014, 134.50081 47.57845000000015, 135.0263114767868 48.47822988544391, 133.373595819228 48.18344167743484, 132.5066900000001 47.78896, 130.9872600000001 47.79013, 130.5822933289827 48.7296874049762, 129.3978178244205 49.44060008401561, 127.6574000000004 49.76027000000008, 127.2874556824849 50.73979726826545, 126.9391565288379 51.35389415140591, 126.564399041857 51.7842554795327, 125.9463489116465 52.79279857035695, 125.0682112977105 53.16104482686893, 123.57147 53.45880000000002, 122.2457479187931 53.4317259792137, 121.0030847514704 53.25140106873124, 120.1770886577169 52.75388621684121, 120.725789015792 52.51622630473091, 120.7382000000001 51.96411000000003, 120.1820800000002 51.64355000000009, 119.2793900000001 50.58292, 119.2884607280259 50.14288279886196, 117.8792444194265 49.51098338479704, 116.6788008972862 49.8885313991214, 115.4856954285314 49.80517731383475, 114.9621098165504 50.14024730081513, 114.3624564962354 50.24830272073748, 112.8977396993544 49.54356537535699, 111.5812309102867 49.37796824807768, 110.6620105326789 49.13012807880585, 109.4024491719967 49.29296051695769, 108.4751672709513 49.28254771585071, 107.8681758972511 49.79370514586589, 106.8888041524553 50.27429596618029, 105.8865914245869 50.40601919209217, 104.6215800000001 50.27532000000016, 103.6765454447604 50.08996613219514, 102.2558900000001 50.51056000000011, 102.0652100000001 51.2599100000001, 100.8894804219626 51.51685578063842, 99.98173221232358 51.63400625264396, 98.86149051310051 52.04736603454671, 97.82573978067452 51.01099518493325, 98.23176150919173 50.42240062112873, 97.25976000000023 49.72605000000004, 95.81402000000017 49.97746000000012, 94.81594933469879 50.01343333597089, 94.14756635943561 50.48053660745717, 93.10420999999999 50.49529000000001, 92.23471154171969 50.80217072204175, 90.71366743364078 50.3318118353211, 88.80556684769559 49.47052073831247, 87.75126427607685 49.29719798440556, 87.35997033076271 49.21498078062916, 86.82935672398966 49.82667470966814, 85.5412699726825 49.69285858824816, 85.11555952346211 50.11730296487764, 84.41637739455305 50.31139964456582, 83.93511478061893 50.88924551045358, 83.38300377801247 51.0691828476939, 81.94598554883996 50.81219594990634, 80.56844689323546 51.38833649352844, 80.03555952344172 50.86475088154722, 77.80091556184433 53.40441498474755, 76.52517947785478 54.17700348572714, 76.89110029491346 54.49052440044193, 74.38482000000013 53.54685000000012, 73.42567874542053 53.48981028910976, 73.50851606638437 54.0356167669766, 72.22415001820221 54.37665538188679, 71.1801310566095 54.13328522400826, 70.86526655465516 55.16973358827011, 69.06816694527291 55.3852501491435, 68.16910037625891 54.97039175070438, 65.6668700000001 54.60125000000016, 65.17853356309595 54.35422781027208, 61.43660000000014 54.00625000000002, 60.97806644068325 53.66499339457914, 61.69998619980063 52.97999644633427, 60.73999311711455 52.71998647725775, 60.92726850774025 52.44754832621501, 59.96753380721557 51.96042043721567, 61.58800337102414 51.27265879984319, 61.33742435084102 50.79907013610426, 59.93280724471558 50.84219411885184, 59.64228234237058 50.54544220641571, 58.36332000000013 51.06364000000002, 56.7779800000001 51.04355000000007, 55.71694000000011 50.62171000000015, 54.5328784523762 51.02623973245937, 52.32872358583106 51.7186522487381, 50.76664839051219 51.69276235615988, 48.70238162618105 50.60512848571284, 48.57784142435762 49.87475962991564, 47.54948042174939 50.45469839131113, 46.75159630716277 49.35600576435374, 47.0436715024766 49.15203888609759, 46.4664457537763 48.39415233010493, 47.31524000000016 47.71585000000007, 48.05724999999998 47.74377000000004, 48.69473351420189 47.0756281601779, 48.59325000000015 46.56104000000011, 49.10116000000014 46.39933000000011, 48.64541000000011 45.80629000000008, 47.67590999999996 45.64149000000012, 46.68201000000008 44.6092000000001, 47.59094000000002 43.66016000000013, 47.49252000000004 42.98658000000009, 48.58437000000018 41.80888000000004, 47.98728315612604 41.4058192001944, 47.81566572448466 41.15141612402135, 47.37331546406639 41.21973236751114, 46.68607059101672 41.82713715266991, 46.40495079934894 41.86067515722743, 45.7764 42.09244000000024, 45.47027916848592 42.50278066667005, 44.53762291848207 42.71199270280368, 43.93121000000011 42.55496000000011, 43.7559900000002 42.74083000000007, 42.39440000000016 43.22030000000004, 40.92219000000014 43.38215000000014, 40.07696495947985 43.55310415300249, 39.95500857927109 43.43499766699929, 38.67999999999998 44.28000000000009, 37.53912000000011 44.65720999999999, 36.67546000000013 45.24469000000008, 37.40317000000007 45.4045100000001, 38.23294999999999 46.24087, 37.67372000000009 46.63656999999998, 39.14767000000009 47.04475000000014, 39.12120000000013 47.26336000000009, 38.22353803889948 47.10218984637598, 38.25511233902981 47.54640045835697, 38.77057000000005 47.82562000000024, 39.738277622239 47.89893707945208, 39.89562000000015 48.23241000000004, 39.67465000000001 48.78382000000013, 40.08078901546949 49.30742991799937, 40.06904000000011 49.60104999999996, 38.59498823421356 49.92646190042373, 38.01063113785708 49.91566152607473, 37.39345950699524 50.38395335550368, 36.62616784032539 50.22559092874513, 35.35611616388812 50.57719737405915, 35.37790999999996 50.7739400000001, 35.02218305841794 51.2075723333715, 34.22481570815441 51.25599315042894, 34.14197838719062 51.5664134792062, 34.39173058445724 51.76888174092591, 33.75269982273588 52.33507457133166, 32.71576053236717 52.23846548116217, 32.41205813978777 52.28869497334978, 32.15944000000022 52.06125000000011, 31.78597000000005 52.10168000000007, 31.54001834486226 52.74205231384644, 31.30520063652799 53.07399587667331, 31.49764000000002 53.16743000000014, 32.30451948418838 53.13272614197285, 32.69364301934613 53.35142080343215, 32.40559858575116 53.61804535584201, 31.73127282077459 53.79402944601202, 31.79142418796241 53.9746385768722, 31.38447228366383 54.15705638286238, 30.75753380709878 54.8117709417844, 30.97183597181325 55.08154775656413, 30.87390913262007 55.55097646750352, 29.89629438652244 55.7894632025305, 29.37157189303079 55.67009064393628, 29.22951338066039 55.91834422466641, 28.17670942557794 56.16912995057879, 27.85528201672253 56.75932648378438, 27.77001590344099 57.2442581244112, 27.28818484875165 57.47452830670392, 27.71668582531578 57.79189911562446, 27.42015000000021 58.72457000000014, 28.13169925305186 59.300825100331, 27.98112 59.47537000000008, 29.11770000000001 60.02805000000012, 28.07000000000005 60.50352000000015, 30.21110721204465 61.78002777774969, 31.13999108249104 62.35769277612445, 31.51609215671127 62.8676874864129, 30.0358724301428 63.55281362573857, 30.44468468600374 64.20445343693908, 29.54442955904702 64.94867157659056, 30.21765000000008 65.80597999999992, 29.05458865735238 66.94428620062203, 29.9774263852207 67.69829702419275, 28.44594363781877 68.364612942164, 28.59192955904336 69.0647769232867, 29.39955 69.15692000000018, 31.10108000000011 69.55811000000008, 32.13272000000026 69.90595000000025, 33.77547000000007 69.30142000000012, 36.51396000000008 69.06342000000006, 40.29234000000017 67.93240000000003, 41.05987000000013 67.45713000000012, 41.12595000000019 66.79158000000012, 40.01583000000008 66.26618000000013, 38.38295000000002 65.99953000000011, 33.91871000000017 66.75960999999998, 33.18444000000002 66.63252999999995, 34.8147700000001 65.90015000000014, 34.87857425307877 65.43621287704821, 34.94391000000016 64.41437000000016, 36.23129000000003 64.10945000000004, 37.01273000000012 63.84983000000011, 37.14197000000016 64.33471000000006, 36.53957903508982 64.76446000000004, 37.17604000000014 65.14322000000013, 39.59344999999999 64.52079000000018, 40.43560000000011 64.76446000000004, 39.76260000000016 65.49681999999999, 42.0930900000001 66.47623000000004, 43.01604000000012 66.41858000000011, 43.94975000000014 66.06908000000001, 44.53225999999998 66.75634000000014, 43.69839000000005 67.35245, 44.18795000000014 67.95051000000009, 43.45282 68.57078999999996, 46.25000000000014 68.25, 46.82134000000016 67.68997000000007, 45.55517 67.56652, 45.5620200000001 67.01005000000021, 46.34915000000015 66.6676700000001, 47.89416000000026 66.88455000000016, 48.13876000000008 67.52238000000003, 50.22766000000016 67.99867000000015, 53.71743000000018 68.85738000000012, 54.47171000000006 68.80815000000001, 53.48582000000013 68.20130999999998, 54.72628000000006 68.09701999999999, 55.44268000000014 68.43866000000008, 57.31702000000016 68.46628000000007, 58.80200000000022 68.88081999999994, 59.94142000000019 68.2784400000001, 61.07784000000018 68.94069000000007, 60.03 69.52000000000007, 60.55000000000004 69.85000000000002, 63.50400000000016 69.54739000000006, 64.888115 69.23483500000015, 68.51216000000014 68.09233000000017, 69.18068000000008 68.61563000000012, 68.16444000000004 69.14436000000003, 68.13522000000009 69.35649000000009, 66.93008000000012 69.45461000000012, 67.25976000000006 69.92873000000009, 66.72492000000014 70.70889000000014, 66.69466000000003 71.02897000000024, 68.54006000000012 71.93450000000024, 69.19636000000011 72.84336000000016, 69.93999999999997 73.04000000000013, 72.58754000000008 72.7762900000001, 72.79603000000006 72.22005999999999, 71.8481100000001 71.4089800000001, 72.47011000000001 71.09019000000006, 72.79188000000002 70.39114000000001, 72.56470000000022 69.02084999999997, 73.66787000000008 68.40789999999996, 73.23870000000002 67.74040000000002, 71.28000000000011 66.32000000000016, 72.42301000000018 66.17267000000018, 72.82076999999995 66.53267000000005, 73.92099000000016 66.78946000000013, 74.1865100000002 67.28429, 75.05200000000005 67.76047000000017, 74.46926000000016 68.32899000000009, 74.93584000000013 68.98918000000006, 73.84236000000001 69.07146000000006, 73.60187000000022 69.62763000000001, 74.39980000000006 70.63174999999998, 73.10110000000006 71.44717000000026, 74.89082000000022 72.1211900000001, 74.65926000000005 72.83227000000005, 75.15801000000019 72.85497000000012, 75.6835100000001 72.30056000000013, 75.28898000000012 71.33556000000007, 76.35911000000002 71.15287000000015, 75.90313000000017 71.87401000000006, 77.57665000000011 72.26717000000002, 79.65202000000014 72.32010999999997, 81.50000000000003 71.75000000000003, 80.61071000000013 72.58285000000012, 80.51109 73.64819999999997, 82.25000000000009 73.85000000000011, 84.65526000000008 73.80591000000018, 86.82230000000024 73.93688000000003, 86.00955999999999 74.45967000000016, 87.16682000000017 75.11643000000001, 88.31571000000011 75.14393000000004, 90.26000000000008 75.64000000000001, 92.90058000000008 75.77333000000007, 93.23421000000016 76.04720000000009, 95.86000000000016 76.1400000000001, 96.67821000000006 75.91548, 98.92254000000023 76.44688999999997, 100.7596700000002 76.43028000000004, 101.03532 76.86189000000007, 101.9908400000001 77.28754000000021, 104.3516000000001 77.69792000000004, 106.0666400000001 77.37389000000005, 104.7050000000002 77.12740000000008, 106.9701300000001 76.97419000000005)), ((105.0754700000001 78.30688999999998, 99.43814 77.92099999999999, 101.2649 79.23399000000001, 102.08635 79.34641000000005, 102.837815 79.28129000000004, 105.3724300000001 78.71334000000002, 105.0754700000001 78.30688999999998)), ((51.13618655783128 80.54728017854094, 49.79368452332071 80.41542776154822, 48.89441124857754 80.3395667589437, 48.75493655782176 80.17546824820084, 47.58611901224415 80.01018117951534, 46.50282596210965 80.24724681265437, 47.07245527526291 80.55942414012947, 44.84695804218111 80.58980988231718, 46.79913862487123 80.77191762971364, 48.31847741068466 80.78400991486996, 48.52280602396669 80.51456899690015, 49.09718956889091 80.75398590770843, 50.03976769389462 80.91888540315182, 51.52293297710369 80.69972565380192, 51.13618655783128 80.54728017854094)), ((99.93976000000001 78.88093999999998, 97.75793999999999 78.75620000000004, 94.97259 79.04474500000003, 93.31288000000004 79.42650000000003, 92.5454 80.14378999999997, 91.18107000000001 80.34145999999998, 93.77766000000005 81.02460000000002, 95.94089500000004 81.25039999999996, 97.88385000000002 80.74697500000002, 100.186655 79.78013500000003, 99.93976000000001 78.88093999999998)))"
147,7379339.0,Europe,Serbia,SRB,80340.0,"POLYGON ((20.87431277841341 45.41637543393432, 21.48352623870221 45.18117015235788, 21.56202273935372 44.76894725196564, 22.1450879249029 44.47842234962059, 22.45902225107596 44.70251719825444, 22.70572553883744 44.57800283464701, 22.47400841644065 44.40922760678177, 22.65714969248307 44.23492300066135, 22.4104464047216 44.00806346290005, 22.50015669118022 43.64281443946101, 22.98601850758848 43.2111612005271, 22.60480146657136 42.89851878516112, 22.43659467946139 42.58032115332395, 22.54501183440965 42.46136200618804, 22.38052575042468 42.32025950781508, 21.91708000000011 42.30363999999997, 21.57663598940212 42.24522439706186, 21.54332000000005 42.3202500000001, 21.66292000000004 42.43922000000003, 21.77505000000002 42.68270000000001, 21.63302000000004 42.67717000000005, 21.43865999999997 42.86254999999994, 21.27421000000004 42.90959000000009, 21.14339500000006 43.06868500000013, 20.95650999999998 43.13094000000007, 20.81448 43.27205000000009, 20.63507999999996 43.21670999999998, 20.49679000000003 42.88469000000003, 20.25758000000008 42.81275000000011, 20.33980000000008 42.89852000000002, 19.95857000000007 43.10604000000006, 19.63 43.21377997027054, 19.48388999999997 43.35229000000004, 19.21851999999996 43.52384000000001, 19.45400000000006 43.56810000000013, 19.59976000000006 44.03846999999996, 19.11761000000007 44.42307000000011, 19.36802999999992 44.86300000000006, 19.00548000000009 44.86023, 19.39047570158459 45.23651561134238, 19.07276899585418 45.52151113543209, 18.8298200000001 45.90888000000007, 19.59604454924164 46.17172984474456, 20.22019249846289 46.12746898048658, 20.76217492033999 45.73457306577149, 20.87431277841341 45.41637543393432))"
149,5463046.0,Europe,Slovakia,SVK,119500.0,"POLYGON ((18.85314415861362 49.49622976337764, 18.90957482267632 49.43584585224458, 19.32071251799047 49.57157400165919, 19.82502282072687 49.21712535256923, 20.41583947111985 49.43145335549977, 20.88795535653841 49.32877228453583, 21.60780805836421 49.47010732685409, 22.55813764821175 49.08573802346714, 22.28084191253356 48.82539215758067, 22.08560835133486 48.42226430927179, 21.87223636240174 48.31997081155002, 20.80129397958493 48.62385407164238, 20.47356204598987 48.56285004332182, 20.23905439624935 48.32756724709692, 19.76947065601311 48.20269114846361, 19.6613635596585 48.26661489520866, 19.17436486173989 48.11137889260387, 18.77702477384767 48.08176829690063, 18.69651289233693 47.8809536810144, 17.85713260262003 47.75842886005037, 17.48847293464982 47.86746613218622, 16.97966678230404 48.12349701597631, 16.879982944413 48.47001333270947, 16.96028812019458 48.5969823268506, 17.1019848975389 48.81696889911711, 17.54500695157711 48.80001902932537, 17.88648481616181 48.90347524677371, 17.91351159025047 48.99649282489909, 18.10497277189185 49.04398346617531, 18.17049848803796 49.27151479755643, 18.39999352384618 49.31500051533004, 18.55497114428948 49.49501536721878, 18.85314415861362 49.49622976337764))"
150,2005692.0,Europe,Slovenia,SVN,59340.0,"POLYGON ((13.80647545742153 46.50930613869122, 14.63247155117483 46.43181732846955, 15.13709191250499 46.65870270444703, 16.01166385261266 46.6836107448117, 16.20229821133736 46.85238597267696, 16.37050499844742 46.8413272161665, 16.56480838386486 46.50375092221983, 15.76873294440855 46.23810822202345, 15.67152957526756 45.83415355079788, 15.3239538916724 45.73178253842768, 15.32767459479743 45.45231639259323, 14.93524376797293 45.47169505470269, 14.59510949062781 45.63494090431271, 14.41196821458541 45.46616567644746, 13.71505984869722 45.50032379819238, 13.93763024257831 45.59101593686462, 13.69810997890548 46.01677806251735, 13.80647545742153 46.50930613869122))"
151,9059651.0,Europe,Sweden,SWE,344300.0,"POLYGON ((22.18317345550193 65.72374054632017, 21.21351687997722 65.02600535751527, 21.36963138193096 64.41358795842429, 19.77887576669022 63.60955434839504, 17.84777916837521 62.74940013289681, 17.11955488451812 61.34116567651097, 17.83134606290639 60.63658336042741, 18.78772179533209 60.0819143744226, 17.86922488777634 58.9537661810587, 16.82918501147009 58.71982697207339, 16.44770958829147 57.04111806907189, 15.87978559740378 56.10430186626866, 14.66668134935207 56.20088511822217, 14.10072106289146 55.40778107362265, 12.94291059739206 55.36173737245058, 12.62510053879703 56.30708018658197, 11.78794233566867 57.44181712506307, 11.02736860519687 58.85614940045936, 11.46827192551115 59.43239329694604, 12.3003658382749 60.11793284773003, 12.63114668137518 61.29357168237014, 11.99206424322156 61.80036245385655, 11.93056928879423 63.12831757267698, 12.57993533697393 64.06621898055833, 13.57191613124871 64.04911408146971, 13.9199052263022 64.44542064071608, 13.55568973150909 64.78702769638151, 15.108411492583 66.19386688909547, 16.10871219245678 67.30245555283689, 16.76887861498548 68.0139366726314, 17.72918175626535 68.01055186631628, 17.99386844246433 68.56739126247736, 19.87855960458126 68.40719432237258, 20.02526899585789 69.0651386583127, 20.64559288908953 69.10624726020087, 21.97853478362612 68.6168456081807, 23.53947309743444 67.93600861273525, 23.56587975433558 66.39605093043743, 23.9033785336338 66.00692739527962, 22.18317345550193 65.72374054632017))"
166,45700395.0,Europe,Ukraine,UKR,339800.0,"POLYGON ((31.78599816257159 52.10167796488545, 32.15941206231267 52.06126699483322, 32.41205813978763 52.28869497334975, 32.71576053236697 52.23846548116205, 33.75269982273571 52.3350745713317, 34.39173058445701 51.76888174092579, 34.14197838719039 51.56641347920623, 34.22481570815427 51.25599315042896, 35.02218305841788 51.20757233337146, 35.37792361831512 50.77395539001035, 35.35611616388795 50.57719737405906, 36.62616784032534 50.22559092874513, 37.39345950699507 50.38395335550359, 38.0106311378569 49.91566152607463, 38.59498823421342 49.92646190042363, 40.06905846533911 49.6010554062817, 40.08078901546935 49.30742991799929, 39.67466393408753 48.78381846780188, 39.89563235856758 48.23240509703143, 39.73827762223883 47.89893707945199, 38.7705847511412 47.82560822202981, 38.25511233902975 47.54640045835681, 38.22353803889942 47.10218984637589, 37.42513715998999 47.0222205674042, 36.75985477066439 46.69870026304093, 35.82368452326483 46.64596446388707, 34.96234174982388 46.27319651954964, 35.02078779474598 45.65121898048466, 35.51000857925317 45.40999339454619, 36.52999799983016 45.46998973243706, 36.33471276219916 45.11321564389397, 35.23999922052812 44.93999624285161, 33.88251102065288 44.36147858334407, 33.32642093276004 44.56487702084489, 33.54692426934946 45.03477081967489, 32.4541744321055 45.32746613217608, 32.63080447767913 45.51918569597891, 33.58816206231839 45.85156850848024, 33.29856733575471 46.08059845639784, 31.74414025241518 46.33334788673739, 31.67530724460241 46.70624502215554, 30.7487488136091 46.583100084004, 30.37760867688888 46.03241018328567, 29.60328901542744 45.29330801043113, 29.14972496920165 45.46492544207246, 28.67977949393938 45.3040308701317, 28.23355350109904 45.48828318946838, 28.48526940279277 45.5969070501459, 28.65998742037158 45.93998688413164, 28.93371748222162 46.2588304713725, 28.86297244641406 46.43788930926383, 29.07210696789929 46.5176777207225, 29.17065392427989 46.3792623968287, 29.75997195813639 46.34998769793536, 30.02465864433537 46.42393667254504, 29.8382100766263 46.52532583270169, 29.9088517595693 46.67436066343146, 29.55967410657311 46.92858287209133, 29.41513512545274 47.34664520933258, 29.05086795422733 47.5102269557525, 29.12269819511303 47.84909516050647, 28.67089114758517 48.1181485052341, 28.25954674654184 48.15556224221342, 27.52253746919516 48.46711945250112, 26.85782352062481 48.3682107610945, 26.6193367855978 48.22072622333347, 26.19745039236693 48.22088125263035, 25.9459411964024 47.98714874937421, 25.20774336111299 47.89105642352747, 24.86631717296058 47.73752574318831, 24.40205610525038 47.98187775328043, 23.76095828623741 47.98559845640546, 23.14223636240681 48.09634105080695, 22.71053144704049 47.88219391538941, 22.64081993987875 48.15023956968736, 22.08560835133486 48.42226430927179, 22.28084191253356 48.82539215758067, 22.55813764821175 49.08573802346714, 22.77641889821263 49.02739533140962, 22.5184501482116 49.47677358661974, 23.42650841644439 50.30850576435746, 23.92275719574326 50.42488108987875, 24.0299857927489 50.70540660257518, 23.52707075368437 51.57845408793024, 24.00507775238421 51.61744395609446, 24.55310631683952 51.88846100524918, 25.32778771332701 51.91065603291855, 26.33795861176856 51.83228872334793, 27.45406619640843 51.59230337178447, 28.24161502453657 51.57222707783907, 28.61761274589225 51.42771393493484, 28.99283532076353 51.60204437927148, 29.25493818534792 51.36823436136689, 30.1573637224609 51.41613841410147, 30.55511722181146 51.31950348571566, 30.61945438001484 51.82280609802238, 30.92754926933898 52.04235342061439, 31.78599816257159 52.10167796488545))"
